season,team,round,gp,wins,draws,losses,points,gf,ga,gd,ppg,home_wins,home_draws,home_losses,home_gf,home_ga,away_wins,away_draws,away_losses,away_gf,away_ga,form_pts_last5,form_gd_last5,position,final_position,is_top6
2021_2022,Sepsi OSK Sfântu Gheorghe,1,1,1,0,0,3,2,0,2,3.0,1,0,0,2,0,0,0,0,0,0,3,2,1,10,0
2021_2022,CFR Cluj-Napoca,1,1,1,0,0,3,3,2,1,3.0,1,0,0,3,2,0,0,0,0,0,3,1,2,1,1
2021_2022,Dinamo Bucuresti ,1,1,1,0,0,3,3,2,1,3.0,1,0,0,3,2,0,0,0,0,0,3,1,3,15,0
2021_2022,Gaz Metan Mediaș,1,1,1,0,0,3,1,0,1,3.0,1,0,0,1,0,0,0,0,0,0,3,1,4,14,0
2021_2022,Universitatea Craiova,1,1,1,0,0,3,1,0,1,3.0,1,0,0,1,0,0,0,0,0,0,3,1,5,3,1
2021_2022,Rapid Bucuresti,1,1,1,0,0,3,1,0,1,3.0,1,0,0,1,0,0,0,0,0,0,3,1,6,9,0
2021_2022,FC Botoșani,1,1,0,1,0,1,0,0,0,1.0,0,1,0,0,0,0,0,0,0,0,1,0,7,7,0
2021_2022,Steaua Bucuresti,1,1,0,1,0,1,0,0,0,1.0,0,0,0,0,0,0,1,0,0,0,1,0,8,2,1
2021_2022,Uta Arad,1,1,0,1,0,1,0,0,0,1.0,0,1,0,0,0,0,0,0,0,0,1,0,9,8,0
2021_2022,Farul Constanta,1,1,0,1,0,1,0,0,0,1.0,0,0,0,0,0,0,1,0,0,0,1,0,10,4,1
2021_2022,FC U Craiova 1948,1,1,0,0,1,0,2,3,-1,0.0,0,0,0,0,0,0,0,1,2,3,0,-1,11,12,0
2021_2022,FC Voluntari,1,1,0,0,1,0,2,3,-1,0.0,0,0,0,0,0,0,0,1,2,3,0,-1,12,6,1
2021_2022,CS Mioveni,1,1,0,0,1,0,0,1,-1,0.0,0,0,0,0,0,0,0,1,0,1,0,-1,13,13,0
2021_2022,Arges Pitesti,1,1,0,0,1,0,0,1,-1,0.0,0,0,0,0,0,0,0,1,0,1,0,-1,14,5,1
2021_2022,Chindia Târgoviște,1,1,0,0,1,0,0,1,-1,0.0,0,0,0,0,0,0,0,1,0,1,0,-1,15,11,0
2021_2022,Academica Clinceni,1,1,0,0,1,0,0,2,-2,0.0,0,0,0,0,0,0,0,1,0,2,0,-2,16,16,0
2021_2022,Rapid Bucuresti,2,2,2,0,0,6,3,0,3,3.0,1,0,0,1,0,1,0,0,2,0,6,3,1,9,0
2021_2022,CFR Cluj-Napoca,2,2,2,0,0,6,5,3,2,3.0,1,0,0,3,2,1,0,0,2,1,6,2,2,1,1
2021_2022,Steaua Bucuresti,2,2,1,1,0,4,4,1,3,2.0,1,0,0,4,1,0,1,0,0,0,4,3,3,2,1
2021_2022,Sepsi OSK Sfântu Gheorghe,2,2,1,1,0,4,3,1,2,2.0,1,0,0,2,0,0,1,0,1,1,4,2,4,10,0
2021_2022,Farul Constanta,2,2,1,1,0,4,2,0,2,2.0,1,0,0,2,0,0,1,0,0,0,4,2,5,4,1
2021_2022,FC Botoșani,2,2,1,1,0,4,1,0,1,2.0,0,1,0,0,0,1,0,0,1,0,4,1,6,7,0
2021_2022,Uta Arad,2,2,1,1,0,4,1,0,1,2.0,0,1,0,0,0,1,0,0,1,0,4,1,7,8,0
2021_2022,FC U Craiova 1948,2,2,1,0,1,3,3,3,0,1.5,1,0,0,1,0,0,0,1,2,3,3,0,8,12,0
2021_2022,Dinamo Bucuresti ,2,2,1,0,1,3,3,3,0,1.5,1,0,0,3,2,0,0,1,0,1,3,0,9,15,0
2021_2022,Gaz Metan Mediaș,2,2,1,0,1,3,1,2,-1,1.5,1,0,0,1,0,0,0,1,0,2,3,-1,10,14,0
2021_2022,Universitatea Craiova,2,2,1,0,1,3,2,4,-2,1.5,1,0,0,1,0,0,0,1,1,4,3,-2,11,3,1
2021_2022,Chindia Târgoviște,2,2,0,1,1,1,1,2,-1,0.5,0,1,0,1,1,0,0,1,0,1,1,-1,12,11,0
2021_2022,FC Voluntari,2,2,0,0,2,0,2,4,-2,0.0,0,0,1,0,1,0,0,1,2,3,0,-2,13,6,1
2021_2022,Arges Pitesti,2,2,0,0,2,0,0,2,-2,0.0,0,0,1,0,1,0,0,1,0,1,0,-2,14,5,1
2021_2022,Academica Clinceni,2,2,0,0,2,0,1,4,-3,0.0,0,0,1,1,2,0,0,1,0,2,0,-3,15,16,0
2021_2022,CS Mioveni,2,2,0,0,2,0,0,3,-3,0.0,0,0,1,0,2,0,0,1,0,1,0,-3,16,13,0
2021_2022,CFR Cluj-Napoca,3,3,3,0,0,9,6,3,3,3.0,2,0,0,4,2,1,0,0,2,1,9,3,1,1,1
2021_2022,Rapid Bucuresti,3,3,2,1,0,7,3,0,3,2.3333,1,1,0,1,0,1,0,0,2,0,7,3,2,9,0
2021_2022,FC Botoșani,3,3,2,1,0,7,3,1,2,2.3333,0,1,0,0,0,2,0,0,3,1,7,2,3,7,0
2021_2022,Dinamo Bucuresti ,3,3,2,0,1,6,6,4,2,2.0,2,0,0,6,3,0,0,1,0,1,6,2,4,15,0
2021_2022,Steaua Bucuresti,3,3,1,2,0,5,5,2,3,1.6667,1,0,0,4,1,0,2,0,1,1,5,3,5,2,1
2021_2022,Farul Constanta,3,3,1,2,0,5,2,0,2,1.6667,1,0,0,2,0,0,2,0,0,0,5,2,6,4,1
2021_2022,Uta Arad,3,3,1,2,0,5,2,1,1,1.6667,0,2,0,1,1,1,0,0,1,0,5,1,7,8,0
2021_2022,Sepsi OSK Sfântu Gheorghe,3,3,1,1,1,4,4,3,1,1.3333,1,0,1,3,2,0,1,0,1,1,4,1,8,10,0
2021_2022,Gaz Metan Mediaș,3,3,1,1,1,4,3,4,-1,1.3333,1,1,0,3,2,0,0,1,0,2,4,-1,9,14,0
2021_2022,FC U Craiova 1948,3,3,1,0,2,3,4,5,-1,1.0,1,0,0,1,0,0,0,2,3,5,3,-1,10,12,0
2021_2022,FC Voluntari,3,3,1,0,2,3,4,5,-1,1.0,1,0,1,2,2,0,0,1,2,3,3,-1,11,6,1
2021_2022,CS Mioveni,3,3,1,0,2,3,2,4,-2,1.0,0,0,1,0,2,1,0,1,2,2,3,-2,12,13,0
2021_2022,Universitatea Craiova,3,3,1,0,2,3,3,6,-3,1.0,1,0,1,2,2,0,0,1,1,4,3,-3,13,3,1
2021_2022,Arges Pitesti,3,3,0,1,2,1,2,4,-2,0.3333,0,0,1,0,1,0,1,1,2,3,1,-2,14,5,1
2021_2022,Chindia Târgoviște,3,3,0,1,2,1,1,3,-2,0.3333,0,1,0,1,1,0,0,2,0,2,1,-2,15,11,0
2021_2022,Academica Clinceni,3,3,0,0,3,0,2,7,-5,0.0,0,0,1,1,2,0,0,2,1,5,0,-5,16,16,0
2021_2022,CFR Cluj-Napoca,4,4,4,0,0,12,7,3,4,3.0,2,0,0,4,2,2,0,0,3,1,12,4,1,1,1
2021_2022,Rapid Bucuresti,4,4,3,1,0,10,4,0,4,2.5,1,1,0,1,0,2,0,0,3,0,10,4,2,9,0
2021_2022,FC Botoșani,4,4,3,1,0,10,5,2,3,2.5,1,1,0,2,1,2,0,0,3,1,10,3,3,7,0
2021_2022,Steaua Bucuresti,4,4,2,2,0,8,7,3,4,2.0,2,0,0,6,2,0,2,0,1,1,8,4,4,2,1
2021_2022,Farul Constanta,4,4,2,2,0,8,3,0,3,2.0,2,0,0,3,0,0,2,0,0,0,8,3,5,4,1
2021_2022,Dinamo Bucuresti ,4,4,2,0,2,6,6,5,1,1.5,2,0,0,6,3,0,0,2,0,2,6,1,6,15,0
2021_2022,FC U Craiova 1948,4,4,2,0,2,6,6,6,0,1.5,1,0,0,1,0,1,0,2,5,6,6,0,7,12,0
2021_2022,Universitatea Craiova,4,4,2,0,2,6,6,6,0,1.5,2,0,1,5,2,0,0,1,1,4,6,0,8,3,1
2021_2022,Uta Arad,4,4,1,2,1,5,3,3,0,1.25,0,2,0,1,1,1,0,1,2,2,5,0,9,8,0
2021_2022,Sepsi OSK Sfântu Gheorghe,4,4,1,1,2,4,4,4,0,1.0,1,0,1,3,2,0,1,1,1,2,4,0,10,10,0
2021_2022,Chindia Târgoviște,4,4,1,1,2,4,2,3,-1,1.0,1,1,0,2,1,0,0,2,0,2,4,-1,11,11,0
2021_2022,Gaz Metan Mediaș,4,4,1,1,2,4,4,6,-2,1.0,1,1,0,3,2,0,0,2,1,4,4,-2,12,14,0
2021_2022,CS Mioveni,4,4,1,0,3,3,2,5,-3,0.75,0,0,2,0,3,1,0,1,2,2,3,-3,13,13,0
2021_2022,FC Voluntari,4,4,1,0,3,3,4,8,-4,0.75,1,0,1,2,2,0,0,2,2,6,3,-4,14,6,1
2021_2022,Arges Pitesti,4,4,0,1,3,1,2,5,-3,0.25,0,0,2,0,2,0,1,1,2,3,1,-3,15,5,1
2021_2022,Academica Clinceni,4,4,0,0,4,0,3,9,-6,0.0,0,0,2,2,4,0,0,2,1,5,0,-6,16,16,0
2021_2022,CFR Cluj-Napoca,5,5,5,0,0,15,8,3,5,3.0,3,0,0,5,2,2,0,0,3,1,15,5,1,1,1
2021_2022,Rapid Bucuresti,5,5,4,1,0,13,5,0,5,2.6,2,1,0,2,0,2,0,0,3,0,13,5,2,9,0
2021_2022,FC Botoșani,5,5,4,1,0,13,6,2,4,2.6,1,1,0,2,1,3,0,0,4,1,13,4,3,7,0
2021_2022,Steaua Bucuresti,5,5,2,2,1,8,7,4,3,1.6,2,0,0,6,2,0,2,1,1,2,8,3,4,2,1
2021_2022,Farul Constanta,5,5,2,2,1,8,3,1,2,1.6,2,0,0,3,0,0,2,1,0,1,8,2,5,4,1
2021_2022,Uta Arad,5,5,2,2,1,8,4,3,1,1.6,1,2,0,2,1,1,0,1,2,2,8,1,6,8,0
2021_2022,FC U Craiova 1948,5,5,2,1,2,7,6,6,0,1.4,1,1,0,1,0,1,0,2,5,6,7,0,7,12,0
2021_2022,Dinamo Bucuresti ,5,5,2,0,3,6,6,6,0,1.2,2,0,1,6,4,0,0,2,0,2,6,0,8,15,0
2021_2022,Universitatea Craiova,5,5,2,0,3,6,6,7,-1,1.2,2,0,1,5,2,0,0,2,1,5,6,-1,9,3,1
2021_2022,CS Mioveni,5,5,2,0,3,6,3,5,-2,1.2,0,0,2,0,3,2,0,1,3,2,6,-2,10,13,0
2021_2022,FC Voluntari,5,5,2,0,3,6,5,8,-3,1.2,2,0,1,3,2,0,0,2,2,6,6,-3,11,6,1
2021_2022,Chindia Târgoviște,5,5,1,2,2,5,2,3,-1,1.0,1,1,0,2,1,0,1,2,0,2,5,-1,12,11,0
2021_2022,Arges Pitesti,5,5,1,1,3,4,4,5,-1,0.8,0,0,2,0,2,1,1,1,4,3,4,-1,13,5,1
2021_2022,Sepsi OSK Sfântu Gheorghe,5,5,1,1,3,4,4,6,-2,0.8,1,0,2,3,4,0,1,1,1,2,4,-2,14,10,0
2021_2022,Gaz Metan Mediaș,5,5,1,1,3,4,4,7,-3,0.8,1,1,1,3,3,0,0,2,1,4,4,-3,15,14,0
2021_2022,Academica Clinceni,5,5,0,0,5,0,3,10,-7,0.0,0,0,2,2,4,0,0,3,1,6,0,-7,16,16,0
2021_2022,CFR Cluj-Napoca,6,6,6,0,0,18,9,3,6,3.0,3,0,0,5,2,3,0,0,4,1,15,5,1,1,1
2021_2022,Rapid Bucuresti,6,6,5,1,0,16,7,0,7,2.6667,2,1,0,2,0,3,0,0,5,0,13,6,2,9,0
2021_2022,FC Botoșani,6,6,4,1,1,13,6,4,2,2.1667,1,1,1,2,3,3,0,0,4,1,12,2,3,7,0
2021_2022,Farul Constanta,6,6,3,2,1,11,6,1,5,1.8333,3,0,0,6,0,0,2,1,0,1,10,5,4,4,1
2021_2022,Uta Arad,6,6,3,2,1,11,6,3,3,1.8333,2,2,0,4,1,1,0,1,2,2,10,3,5,8,0
2021_2022,Steaua Bucuresti,6,6,2,3,1,9,8,5,3,1.5,2,1,0,7,3,0,2,1,1,2,8,3,6,2,1
2021_2022,Universitatea Craiova,6,6,3,0,3,9,7,7,0,1.5,3,0,1,6,2,0,0,2,1,5,6,-1,7,3,1
2021_2022,CS Mioveni,6,6,3,0,3,9,4,5,-1,1.5,1,0,2,1,3,2,0,1,3,2,9,0,8,13,0
2021_2022,FC U Craiova 1948,6,6,2,1,3,7,6,7,-1,1.1667,1,1,0,1,0,1,0,3,5,7,7,0,9,12,0
2021_2022,Chindia Târgoviște,6,6,1,3,2,6,4,5,-1,1.0,1,2,0,4,3,0,1,2,0,2,6,0,10,11,0
2021_2022,Dinamo Bucuresti ,6,6,2,0,4,6,6,9,-3,1.0,2,0,1,6,4,0,0,3,0,5,3,-4,11,15,0
2021_2022,FC Voluntari,6,6,2,0,4,6,5,10,-5,1.0,2,0,1,3,2,0,0,3,2,8,6,-4,12,6,1
2021_2022,Sepsi OSK Sfântu Gheorghe,6,6,1,2,3,5,5,7,-2,0.8333,1,0,2,3,4,0,2,1,2,3,2,-4,13,10,0
2021_2022,Arges Pitesti,6,6,1,1,4,4,4,6,-2,0.6667,0,0,3,0,3,1,1,1,4,3,4,-1,14,5,1
2021_2022,Gaz Metan Mediaș,6,6,1,1,4,4,4,8,-4,0.6667,1,1,1,3,3,0,0,3,1,5,1,-5,15,14,0
2021_2022,Academica Clinceni,6,6,0,1,5,1,5,12,-7,0.1667,0,0,2,2,4,0,1,3,3,8,1,-5,16,16,0
2021_2022,CFR Cluj-Napoca,7,7,7,0,0,21,13,4,9,3.0,4,0,0,9,3,3,0,0,4,1,15,7,1,1,1
2021_2022,Rapid Bucuresti,7,7,5,1,1,16,8,2,6,2.2857,2,1,1,3,2,3,0,0,5,0,10,3,2,9,0
2021_2022,Uta Arad,7,7,4,2,1,14,7,3,4,2.0,2,2,0,4,1,2,0,1,3,2,10,3,3,8,0
2021_2022,FC Botoșani,7,7,4,2,1,14,7,5,2,2.0,1,1,1,2,3,3,1,0,5,2,10,1,4,7,0
2021_2022,Farul Constanta,7,7,3,3,1,12,7,2,5,1.7143,3,0,0,6,0,0,3,1,1,2,8,3,5,4,1
2021_2022,Universitatea Craiova,7,7,4,0,3,12,9,8,1,1.7143,3,0,1,6,2,1,0,2,3,6,9,3,6,3,1
2021_2022,CS Mioveni,7,7,3,1,3,10,5,6,-1,1.4286,1,0,2,1,3,2,1,1,4,3,10,2,7,13,0
2021_2022,Steaua Bucuresti,7,7,2,3,2,9,9,9,0,1.2857,2,1,0,7,3,0,2,2,2,6,5,-3,8,2,1
2021_2022,FC Voluntari,7,7,3,0,4,9,7,11,-4,1.2857,3,0,1,5,3,0,0,3,2,8,9,-2,9,6,1
2021_2022,FC U Craiova 1948,7,7,2,2,3,8,7,8,-1,1.1429,1,2,0,2,1,1,0,3,5,7,5,-1,10,12,0
2021_2022,Arges Pitesti,7,7,2,1,4,7,6,6,0,1.0,0,0,3,0,3,2,1,1,6,3,7,2,11,5,1
2021_2022,Sepsi OSK Sfântu Gheorghe,7,7,1,3,3,6,6,8,-2,0.8571,1,1,2,4,5,0,2,1,2,3,2,-4,12,10,0
2021_2022,Chindia Târgoviște,7,7,1,3,3,6,5,7,-2,0.8571,1,2,0,4,3,0,1,3,1,4,5,-1,13,11,0
2021_2022,Dinamo Bucuresti ,7,7,2,0,5,6,6,11,-5,0.8571,2,0,2,6,6,0,0,3,0,5,3,-5,14,15,0
2021_2022,Gaz Metan Mediaș,7,7,1,1,5,4,4,9,-5,0.5714,1,1,2,3,4,0,0,3,1,5,1,-4,15,14,0
2021_2022,Academica Clinceni,7,7,0,2,5,2,6,13,-7,0.2857,0,1,2,3,5,0,1,3,3,8,2,-4,16,16,0
2021_2022,CFR Cluj-Napoca,8,8,7,0,1,21,13,5,8,2.625,4,0,0,9,3,3,0,1,4,2,12,5,1,1,1
2021_2022,Rapid Bucuresti,8,8,5,2,1,17,10,4,6,2.125,2,1,1,3,2,3,1,0,7,2,10,3,2,9,0
2021_2022,FC Botoșani,8,8,5,2,1,17,8,5,3,2.125,2,1,1,3,3,3,1,0,5,2,10,1,3,7,0
2021_2022,Farul Constanta,8,8,4,3,1,15,12,2,10,1.875,4,0,0,11,0,0,3,1,1,2,10,8,4,4,1
2021_2022,Uta Arad,8,8,4,3,1,15,9,5,4,1.875,2,3,0,6,3,2,0,1,3,2,10,3,5,8,0
2021_2022,Universitatea Craiova,8,8,4,1,3,13,10,9,1,1.625,3,1,1,7,3,1,0,2,3,6,10,4,6,3,1
2021_2022,Steaua Bucuresti,8,8,3,3,2,12,15,9,6,1.5,3,1,0,13,3,0,2,2,2,6,7,3,7,2,1
2021_2022,FC Voluntari,8,8,4,0,4,12,9,12,-3,1.5,3,0,1,5,3,1,0,3,4,9,9,-2,8,6,1
2021_2022,Arges Pitesti,8,8,3,1,4,10,7,6,1,1.25,1,0,3,1,3,2,1,1,6,3,9,3,9,5,1
2021_2022,CS Mioveni,8,8,3,1,4,10,5,7,-2,1.25,1,0,3,1,4,2,1,1,4,3,7,0,10,13,0
2021_2022,Chindia Târgoviște,8,8,2,3,3,9,6,7,-1,1.125,1,2,0,4,3,1,1,3,2,4,8,1,11,11,0
2021_2022,FC U Craiova 1948,8,8,2,2,4,8,7,9,-2,1.0,1,2,0,2,1,1,0,4,5,8,5,-1,12,12,0
2021_2022,Sepsi OSK Sfântu Gheorghe,8,8,1,4,3,7,7,9,-2,0.875,1,1,2,4,5,0,3,1,3,4,3,-3,13,10,0
2021_2022,Dinamo Bucuresti ,8,8,2,0,6,6,6,17,-11,0.75,2,0,2,6,6,0,0,4,0,11,0,-13,14,15,0
2021_2022,Gaz Metan Mediaș,8,8,1,1,6,4,5,11,-6,0.5,1,1,3,4,6,0,0,3,1,5,0,-5,15,14,0
2021_2022,Academica Clinceni,8,8,0,2,6,2,6,18,-12,0.25,0,1,2,3,5,0,1,4,3,13,2,-7,16,16,0
2021_2022,CFR Cluj-Napoca,9,9,8,0,1,24,14,5,9,2.6667,5,0,0,10,3,3,0,1,4,2,12,5,1,1,1
2021_2022,FC Botoșani,9,9,6,2,1,20,10,6,4,2.2222,2,1,1,3,3,4,1,0,7,3,10,1,2,7,0
2021_2022,Rapid Bucuresti,9,9,5,2,2,17,11,6,5,1.8889,2,1,2,4,4,3,1,0,7,2,7,1,3,9,0
2021_2022,Uta Arad,9,9,4,4,1,16,9,5,4,1.7778,2,3,0,6,3,2,1,1,3,2,11,4,4,8,0
2021_2022,Farul Constanta,9,9,4,3,2,15,12,4,8,1.6667,4,0,0,11,0,0,3,2,1,4,7,5,5,4,1
2021_2022,Steaua Bucuresti,9,9,4,3,2,15,16,9,7,1.6667,3,1,0,13,3,1,2,2,3,6,7,3,6,2,1
2021_2022,FC Voluntari,9,9,5,0,4,15,13,12,1,1.6667,4,0,1,9,3,1,0,3,4,9,12,5,7,6,1
2021_2022,Arges Pitesti,9,9,4,1,4,13,8,6,2,1.4444,1,0,3,1,3,3,1,1,7,3,12,5,8,5,1
2021_2022,Universitatea Craiova,9,9,4,1,4,13,10,10,0,1.4444,3,1,1,7,3,1,0,3,3,7,7,0,9,3,1
2021_2022,Chindia Târgoviște,9,9,3,3,3,12,8,7,1,1.3333,2,2,0,6,3,1,1,3,2,4,8,2,10,11,0
2021_2022,CS Mioveni,9,9,3,1,5,10,5,11,-6,1.1111,1,0,3,1,4,2,1,2,4,7,7,-3,11,13,0
2021_2022,Sepsi OSK Sfântu Gheorghe,9,9,1,5,3,8,7,9,-2,0.8889,1,2,2,4,5,0,3,1,3,4,4,-2,12,10,0
2021_2022,FC U Craiova 1948,9,9,2,2,5,8,7,10,-3,0.8889,1,2,1,2,2,1,0,4,5,8,2,-3,13,12,0
2021_2022,Gaz Metan Mediaș,9,9,2,1,6,7,7,12,-5,0.7778,1,1,3,4,6,1,0,3,3,6,3,-3,14,14,0
2021_2022,Dinamo Bucuresti ,9,9,2,0,7,6,7,19,-12,0.6667,2,0,3,7,8,0,0,4,0,11,0,-13,15,15,0
2021_2022,Academica Clinceni,9,9,0,2,7,2,6,19,-13,0.2222,0,1,3,3,6,0,1,4,3,13,2,-7,16,16,0
2021_2022,CFR Cluj-Napoca,10,10,9,0,1,27,15,5,10,2.7,5,0,0,10,3,4,0,1,5,2,12,5,1,1,1
2021_2022,FC Botoșani,10,10,6,3,1,21,11,7,4,2.1,2,2,1,4,4,4,1,0,7,3,8,0,2,7,0
2021_2022,Farul Constanta,10,10,5,3,2,18,14,5,9,1.8,5,0,0,13,1,0,3,2,1,4,10,7,3,4,1
2021_2022,Steaua Bucuresti,10,10,5,3,2,18,19,11,8,1.8,4,1,0,16,5,1,2,2,3,6,10,5,4,2,1
2021_2022,FC Voluntari,10,10,6,0,4,18,14,12,2,1.8,4,0,1,9,3,2,0,3,5,9,12,5,5,6,1
2021_2022,Rapid Bucuresti,10,10,5,2,3,17,11,7,4,1.7,2,1,3,4,5,3,1,0,7,2,4,-1,6,9,0
2021_2022,Universitatea Craiova,10,10,5,1,4,16,15,10,5,1.6,4,1,1,12,3,1,0,3,3,7,10,6,7,3,1
2021_2022,Uta Arad,10,10,4,4,2,16,9,6,3,1.6,2,3,1,6,4,2,1,1,3,2,8,2,8,8,0
2021_2022,Arges Pitesti,10,10,4,2,4,14,8,6,2,1.4,1,1,3,1,3,3,1,1,7,3,10,3,9,5,1
2021_2022,Chindia Târgoviște,10,10,3,4,3,13,8,7,1,1.3,2,2,0,6,3,1,2,3,2,4,8,2,10,11,0
2021_2022,CS Mioveni,10,10,3,1,6,10,6,13,-7,1.0,1,0,3,1,4,2,1,3,5,9,4,-5,11,13,0
2021_2022,Sepsi OSK Sfântu Gheorghe,10,10,1,6,3,9,7,9,-2,0.9,1,2,2,4,5,0,4,1,3,4,5,0,12,10,0
2021_2022,FC U Craiova 1948,10,10,2,3,5,9,8,11,-3,0.9,1,2,1,2,2,1,1,4,6,9,2,-3,13,12,0
2021_2022,Gaz Metan Mediaș,10,10,2,2,6,8,7,12,-5,0.8,1,2,3,4,6,1,0,3,3,6,4,-2,14,14,0
2021_2022,Dinamo Bucuresti ,10,10,2,0,8,6,7,24,-17,0.6,2,0,3,7,8,0,0,5,0,16,0,-17,15,15,0
2021_2022,Academica Clinceni,10,10,0,2,8,2,8,22,-14,0.2,0,1,3,3,6,0,1,5,5,16,2,-7,16,16,0
2021_2022,CFR Cluj-Napoca,11,11,10,0,1,30,17,6,11,2.7273,6,0,0,12,4,4,0,1,5,2,12,5,1,1,1
2021_2022,FC Botoșani,11,11,6,4,1,22,12,8,4,2.0,2,2,1,4,4,4,2,0,8,4,9,2,2,7,0
2021_2022,Steaua Bucuresti,11,11,6,3,2,21,20,11,9,1.9091,4,1,0,16,5,2,2,2,4,6,12,6,3,2,1
2021_2022,FC Voluntari,11,11,7,0,4,21,15,12,3,1.9091,5,0,1,10,3,2,0,3,5,9,15,8,4,6,1
2021_2022,Universitatea Craiova,11,11,6,1,4,19,17,10,7,1.7273,4,1,1,12,3,2,0,3,5,7,10,7,5,3,1
2021_2022,Farul Constanta,11,11,5,3,3,18,14,6,8,1.6364,5,0,0,13,1,0,3,3,1,5,7,3,6,4,1
2021_2022,Rapid Bucuresti,11,11,5,3,3,18,13,9,4,1.6364,2,1,3,4,5,3,2,0,9,4,2,-3,7,9,0
2021_2022,Uta Arad,11,11,4,5,2,17,11,8,3,1.5455,2,3,1,6,4,2,2,1,5,4,6,0,8,8,0
2021_2022,Arges Pitesti,11,11,4,3,4,15,8,6,2,1.3636,1,1,3,1,3,3,2,1,7,3,11,4,9,5,1
2021_2022,Chindia Târgoviște,11,11,3,4,4,13,8,8,0,1.1818,2,2,1,6,4,1,2,3,2,4,7,1,10,11,0
2021_2022,CS Mioveni,11,11,3,2,6,11,6,13,-7,1.0,1,1,3,1,4,2,1,3,5,9,2,-6,11,13,0
2021_2022,Sepsi OSK Sfântu Gheorghe,11,11,1,7,3,10,9,11,-2,0.9091,1,3,2,6,7,0,4,1,3,4,5,0,12,10,0
2021_2022,FC U Craiova 1948,11,11,2,3,6,9,8,13,-5,0.8182,1,2,2,2,4,1,1,4,6,9,2,-4,13,12,0
2021_2022,Gaz Metan Mediaș,11,11,2,2,7,8,8,14,-6,0.7273,1,2,3,4,6,1,0,4,4,8,4,-2,14,14,0
2021_2022,Dinamo Bucuresti ,11,11,2,1,8,7,9,26,-17,0.6364,2,1,3,9,10,0,0,5,0,16,1,-14,15,15,0
2021_2022,Academica Clinceni,11,11,0,3,8,3,9,23,-14,0.2727,0,2,3,4,7,0,1,5,5,16,2,-7,16,16,0
2021_2022,CFR Cluj-Napoca,12,12,10,0,2,30,17,8,9,2.5,6,0,0,12,4,4,0,2,5,4,9,0,1,1,1
2021_2022,Steaua Bucuresti,12,12,7,3,2,24,23,11,12,2.0,5,1,0,19,5,2,2,2,4,6,15,12,2,2,1
2021_2022,FC Voluntari,12,12,8,0,4,24,17,13,4,2.0,5,0,1,10,3,3,0,3,7,10,15,8,3,6,1
2021_2022,FC Botoșani,12,12,6,5,1,23,12,8,4,1.9167,2,3,1,4,4,4,2,0,8,4,9,2,4,7,0
2021_2022,Universitatea Craiova,12,12,7,1,4,22,22,10,12,1.8333,5,1,1,17,3,2,0,3,5,7,10,11,5,3,1
2021_2022,Rapid Bucuresti,12,12,6,3,3,21,15,9,6,1.75,3,1,3,6,5,3,2,0,9,4,5,0,6,9,0
2021_2022,Uta Arad,12,12,5,5,2,20,12,8,4,1.6667,3,3,1,7,4,2,2,1,5,4,6,0,7,8,0
2021_2022,Farul Constanta,12,12,5,3,4,18,15,8,7,1.5,5,0,0,13,1,0,3,4,2,7,6,2,8,4,1
2021_2022,Arges Pitesti,12,12,5,3,4,18,10,7,3,1.5,2,1,3,3,4,3,2,1,7,3,11,3,9,5,1
2021_2022,Chindia Târgoviște,12,12,3,5,4,14,8,8,0,1.1667,2,2,1,6,4,1,3,3,2,4,8,2,10,11,0
2021_2022,Gaz Metan Mediaș,12,12,3,2,7,11,10,15,-5,0.9167,2,2,3,6,7,1,0,4,4,8,7,0,11,14,0
2021_2022,CS Mioveni,12,12,3,2,7,11,6,16,-10,0.9167,1,1,3,1,4,2,1,4,5,12,1,-9,12,13,0
2021_2022,Sepsi OSK Sfântu Gheorghe,12,12,1,7,4,10,10,13,-3,0.8333,1,3,3,7,9,0,4,1,3,4,4,-1,13,10,0
2021_2022,FC U Craiova 1948,12,12,2,3,7,9,8,14,-6,0.75,1,2,2,2,4,1,1,5,6,10,1,-5,14,12,0
2021_2022,Dinamo Bucuresti ,12,12,2,1,9,7,10,28,-18,0.5833,2,1,3,9,10,0,0,6,1,18,1,-13,15,15,0
2021_2022,Academica Clinceni,12,12,0,3,9,3,9,28,-19,0.25,0,2,3,4,7,0,1,6,5,21,1,-12,16,16,0
2021_2022,CFR Cluj-Napoca,13,13,11,0,2,33,19,8,11,2.5385,7,0,0,14,4,4,0,2,5,4,12,3,1,1,1
2021_2022,Steaua Bucuresti,13,13,8,3,2,27,24,11,13,2.0769,5,1,0,19,5,3,2,2,5,6,15,7,2,2,1
2021_2022,Universitatea Craiova,13,13,8,1,4,25,23,10,13,1.9231,5,1,1,17,3,3,0,3,6,7,12,12,3,3,1
2021_2022,FC Botoșani,13,13,6,6,1,24,13,9,4,1.8462,2,3,1,4,4,4,3,0,9,5,7,1,4,7,0
2021_2022,FC Voluntari,13,13,8,0,5,24,17,15,2,1.8462,5,0,2,10,5,3,0,3,7,10,12,5,5,6,1
2021_2022,Uta Arad,13,13,6,5,2,23,15,8,7,1.7692,3,3,1,7,4,3,2,1,8,4,8,3,6,8,0
2021_2022,Rapid Bucuresti,13,13,6,4,3,22,16,10,6,1.6923,3,1,3,6,5,3,3,0,10,5,5,0,7,9,0
2021_2022,Arges Pitesti,13,13,6,3,4,21,12,7,5,1.6154,2,1,3,3,4,4,2,1,9,3,11,4,8,5,1
2021_2022,Farul Constanta,13,13,5,3,5,18,15,9,6,1.3846,5,0,1,13,2,0,3,4,2,7,3,-4,9,4,1
2021_2022,Chindia Târgoviște,13,13,3,5,5,14,8,9,-1,1.0769,2,2,2,6,5,1,3,3,2,4,5,0,10,11,0
2021_2022,FC U Craiova 1948,13,13,3,3,7,12,10,14,-4,0.9231,2,2,2,4,4,1,1,5,6,10,4,-2,11,12,0
2021_2022,CS Mioveni,13,13,3,3,7,12,7,17,-10,0.9231,1,2,3,2,5,2,1,4,5,12,2,-8,12,13,0
2021_2022,Gaz Metan Mediaș,13,13,3,2,8,11,10,17,-7,0.8462,2,2,3,6,7,1,0,5,4,10,7,-1,13,14,0
2021_2022,Sepsi OSK Sfântu Gheorghe,13,13,1,7,5,10,10,15,-5,0.7692,1,3,3,7,9,0,4,2,3,6,3,-3,14,10,0
2021_2022,Dinamo Bucuresti ,13,13,2,2,9,8,11,29,-18,0.6154,2,2,3,10,11,0,0,6,1,18,2,-7,15,15,0
2021_2022,Academica Clinceni,13,13,0,3,10,3,9,31,-22,0.2308,0,2,4,4,10,0,1,6,5,21,1,-10,16,16,0
2021_2022,CFR Cluj-Napoca,14,14,12,0,2,36,20,8,12,2.5714,8,0,0,15,4,4,0,2,5,4,12,3,1,1,1
2021_2022,Steaua Bucuresti,14,14,9,3,2,30,26,12,14,2.1429,6,1,0,21,6,3,2,2,5,6,15,7,2,2,1
2021_2022,Universitatea Craiova,14,14,9,1,4,28,28,12,16,2.0,6,1,1,22,5,3,0,3,6,7,15,16,3,3,1
2021_2022,FC Botoșani,14,14,6,6,2,24,13,11,2,1.7143,2,3,2,4,6,4,3,0,9,5,4,-2,4,7,0
2021_2022,FC Voluntari,14,14,8,0,6,24,17,16,1,1.7143,5,0,2,10,5,3,0,4,7,11,9,0,5,6,1
2021_2022,Rapid Bucuresti,14,14,6,5,3,23,16,10,6,1.6429,3,2,3,6,5,3,3,0,10,5,6,1,6,9,0
2021_2022,Uta Arad,14,14,6,5,3,23,15,10,5,1.6429,3,3,2,7,6,3,2,1,8,4,7,1,7,8,0
2021_2022,Farul Constanta,14,14,6,3,5,21,17,9,8,1.5,5,0,1,13,2,1,3,4,4,7,6,0,8,4,1
2021_2022,Arges Pitesti,14,14,6,3,5,21,13,9,4,1.5,2,1,3,3,4,4,2,2,10,5,8,2,9,5,1
2021_2022,Chindia Târgoviște,14,14,4,5,5,17,10,9,1,1.2143,2,2,2,6,5,2,3,3,4,4,5,0,10,11,0
2021_2022,Sepsi OSK Sfântu Gheorghe,14,14,2,7,5,13,14,16,-2,0.9286,2,3,3,11,10,0,4,2,3,6,5,0,11,10,0
2021_2022,FC U Craiova 1948,14,14,3,4,7,13,10,14,-4,0.9286,2,2,2,4,4,1,2,5,6,10,5,-1,12,12,0
2021_2022,Gaz Metan Mediaș,14,14,3,3,8,12,11,18,-7,0.8571,2,3,3,7,8,1,0,5,4,10,5,-2,13,14,0
2021_2022,CS Mioveni,14,14,3,3,8,12,9,22,-13,0.8571,1,2,3,2,5,2,1,5,7,17,2,-7,14,13,0
2021_2022,Dinamo Bucuresti ,14,13,2,2,9,8,11,29,-18,0.6154,2,2,3,10,11,0,0,6,1,18,2,-7,15,15,0
2021_2022,Academica Clinceni,14,14,0,4,10,4,10,32,-22,0.2857,0,2,4,4,10,0,2,6,6,22,2,-9,16,16,0
2021_2022,Dinamo Bucuresti,14,1,0,0,1,0,1,4,-3,0.0,0,0,0,0,0,0,0,1,1,4,0,-3,17,17,0
2021_2022,CFR Cluj-Napoca,15,15,13,0,2,39,23,8,15,2.6,8,0,0,15,4,5,0,2,8,4,12,5,1,1,1
2021_2022,Steaua Bucuresti,15,15,9,4,2,31,26,12,14,2.0667,6,1,0,21,6,3,3,2,5,6,13,6,2,2,1
2021_2022,Universitatea Craiova,15,15,9,1,5,28,28,13,15,1.8667,6,1,1,22,5,3,0,4,6,8,12,10,3,3,1
2021_2022,FC Botoșani,15,15,7,6,2,27,14,11,3,1.8,2,3,2,4,6,5,3,0,10,5,6,-1,4,7,0
2021_2022,Rapid Bucuresti,15,15,7,5,3,26,19,12,7,1.7333,3,2,3,6,5,4,3,0,13,7,9,3,5,9,0
2021_2022,FC Voluntari,15,15,8,1,6,25,17,16,1,1.6667,5,1,2,10,5,3,0,4,7,11,7,-1,6,6,1
2021_2022,Farul Constanta,15,15,7,3,5,24,18,9,9,1.6,6,0,1,14,2,1,3,4,4,7,6,0,7,4,1
2021_2022,Uta Arad,15,15,6,6,3,24,15,10,5,1.6,3,3,2,7,6,3,3,1,8,4,8,2,8,8,0
2021_2022,Arges Pitesti,15,15,6,3,6,21,13,10,3,1.4,2,1,4,3,5,4,2,2,10,5,7,1,9,5,1
2021_2022,Chindia Târgoviște,15,15,4,5,6,17,10,10,0,1.1333,2,2,3,6,6,2,3,3,4,4,4,-1,10,11,0
2021_2022,Gaz Metan Mediaș,15,15,4,3,8,15,12,18,-6,1.0,2,3,3,7,8,2,0,5,5,10,7,-1,11,14,0
2021_2022,Sepsi OSK Sfântu Gheorghe,15,15,2,8,5,14,15,17,-2,0.9333,2,3,3,11,10,0,5,2,4,7,5,0,12,10,0
2021_2022,FC U Craiova 1948,15,15,3,5,7,14,11,15,-4,0.9333,2,3,2,5,5,1,2,5,6,10,5,-1,13,12,0
2021_2022,CS Mioveni,15,15,3,4,8,13,9,22,-13,0.8667,1,3,3,2,5,2,1,5,7,17,3,-6,14,13,0
2021_2022,Dinamo Bucuresti ,15,14,2,2,10,8,11,32,-21,0.5714,2,2,4,10,14,0,0,6,1,18,2,-9,15,15,0
2021_2022,Academica Clinceni,15,15,0,4,11,4,12,35,-23,0.2667,0,2,5,6,13,0,2,6,6,22,2,-9,16,16,0
2021_2022,Dinamo Bucuresti,15,1,0,0,1,0,1,4,-3,0.0,0,0,0,0,0,0,0,1,1,4,0,-3,17,17,0
2021_2022,CFR Cluj-Napoca,16,16,14,0,2,42,25,8,17,2.625,8,0,0,15,4,6,0,2,10,4,12,6,1,1,1
2021_2022,Steaua Bucuresti,16,16,10,4,2,34,29,13,16,2.125,7,1,0,24,7,3,3,2,5,6,13,7,2,2,1
2021_2022,Universitatea Craiova,16,16,9,1,6,28,30,16,14,1.75,6,1,1,22,5,3,0,5,8,11,9,7,3,3,1
2021_2022,FC Voluntari,16,16,9,1,6,28,19,17,2,1.75,6,1,2,12,6,3,0,4,7,11,7,-1,4,6,1
2021_2022,Rapid Bucuresti,16,16,7,6,3,27,21,14,7,1.6875,3,2,3,6,5,4,4,0,15,9,9,3,5,9,0
2021_2022,FC Botoșani,16,16,7,6,3,27,15,14,1,1.6875,2,3,2,4,6,5,3,1,11,8,5,-3,6,7,0
2021_2022,Farul Constanta,16,16,7,4,5,25,18,9,9,1.5625,6,1,1,14,2,1,3,4,4,7,7,1,7,4,1
2021_2022,Uta Arad,16,16,6,7,3,25,15,10,5,1.5625,3,3,2,7,6,3,4,1,8,4,8,2,8,8,0
2021_2022,Arges Pitesti,16,16,7,3,6,24,16,12,4,1.5,3,1,4,6,7,4,2,2,10,5,9,2,9,5,1
2021_2022,Chindia Târgoviște,16,16,4,6,6,18,12,12,0,1.125,2,3,3,8,8,2,3,3,4,4,5,0,10,11,0
2021_2022,Sepsi OSK Sfântu Gheorghe,16,16,3,8,5,17,17,17,0,1.0625,2,3,3,11,10,1,5,2,6,7,7,2,11,10,0
2021_2022,CS Mioveni,16,16,4,4,8,16,10,22,-12,1.0,2,3,3,3,5,2,1,5,7,17,5,-5,12,13,0
2021_2022,Gaz Metan Mediaș,16,16,4,3,9,15,12,19,-7,0.9375,2,3,3,7,8,2,0,6,5,11,7,-1,13,14,0
2021_2022,FC U Craiova 1948,16,16,3,5,8,14,11,17,-6,0.875,2,3,3,5,7,1,2,5,6,10,5,-1,14,12,0
2021_2022,Dinamo Bucuresti ,16,15,2,2,11,8,12,34,-22,0.5333,2,2,4,10,14,0,0,7,2,20,2,-5,15,15,0
2021_2022,Academica Clinceni,16,16,0,4,12,4,12,37,-25,0.25,0,2,6,6,15,0,2,6,6,22,1,-11,16,16,0
2021_2022,Dinamo Bucuresti,16,1,0,0,1,0,1,4,-3,0.0,0,0,0,0,0,0,0,1,1,4,0,-3,17,17,0
2021_2022,CFR Cluj-Napoca,17,17,15,0,2,45,27,8,19,2.6471,9,0,0,17,4,6,0,2,10,4,15,10,1,1,1
2021_2022,Steaua Bucuresti,17,17,11,4,2,37,32,15,17,2.1765,7,1,0,24,7,4,3,2,8,8,13,5,2,2,1
2021_2022,FC Voluntari,17,17,9,2,6,29,20,18,2,1.7059,6,1,2,12,6,3,1,4,8,12,5,-2,3,6,1
2021_2022,Universitatea Craiova,17,17,9,1,7,28,32,19,13,1.6471,6,1,2,24,8,3,0,5,8,11,6,1,4,3,1
2021_2022,Rapid Bucuresti,17,17,7,7,3,28,22,15,7,1.6471,3,3,3,7,6,4,4,0,15,9,7,1,5,9,0
2021_2022,FC Botoșani,17,17,7,7,3,28,16,15,1,1.6471,2,4,2,5,7,5,3,1,11,8,5,-3,6,7,0
2021_2022,Arges Pitesti,17,17,8,3,6,27,17,12,5,1.5882,3,1,4,6,7,5,2,2,11,5,9,2,7,5,1
2021_2022,Farul Constanta,17,17,7,5,5,26,19,10,9,1.5294,6,1,1,14,2,1,4,4,5,8,8,2,8,4,1
2021_2022,Uta Arad,17,17,6,7,4,25,15,11,4,1.4706,3,3,3,7,7,3,4,1,8,4,5,0,9,8,0
2021_2022,Chindia Târgoviște,17,17,4,7,6,19,12,12,0,1.1176,2,3,3,8,8,2,4,3,4,4,5,0,10,11,0
2021_2022,Sepsi OSK Sfântu Gheorghe,17,17,3,9,5,18,17,17,0,1.0588,2,4,3,11,10,1,5,2,6,7,8,3,11,10,0
2021_2022,CS Mioveni,17,17,4,5,8,17,11,23,-12,1.0,2,3,3,3,5,2,2,5,8,18,6,-2,12,13,0
2021_2022,Gaz Metan Mediaș,17,17,4,4,9,16,13,20,-7,0.9412,2,4,3,8,9,2,0,6,5,11,5,-2,13,14,0
2021_2022,FC U Craiova 1948,17,17,3,6,8,15,11,17,-6,0.8824,2,3,3,5,7,1,3,5,6,10,6,0,14,12,0
2021_2022,Dinamo Bucuresti ,17,16,2,3,11,9,12,34,-22,0.5625,2,3,4,10,14,0,0,7,2,20,2,-5,15,15,0
2021_2022,Academica Clinceni,17,17,0,4,13,4,12,39,-27,0.2353,0,2,6,6,15,0,2,7,6,24,1,-8,16,16,0
2021_2022,Dinamo Bucuresti,17,1,0,0,1,0,1,4,-3,0.0,0,0,0,0,0,0,0,1,1,4,0,-3,17,17,0
2021_2022,CFR Cluj-Napoca,18,18,16,0,2,48,28,8,20,2.6667,9,0,0,17,4,7,0,2,11,4,15,9,1,1,1
2021_2022,Steaua Bucuresti,18,18,12,4,2,40,34,16,18,2.2222,8,1,0,26,8,4,3,2,8,8,13,5,2,2,1
2021_2022,FC Voluntari,18,18,10,2,6,32,22,18,4,1.7778,6,1,2,12,6,4,1,4,10,12,8,2,3,6,1
2021_2022,Universitatea Craiova,18,18,9,2,7,29,34,21,13,1.6111,6,1,2,24,8,3,1,5,10,13,4,0,4,3,1
2021_2022,Farul Constanta,18,18,8,5,5,29,21,10,11,1.6111,7,1,1,16,2,1,4,4,5,8,11,5,5,4,1
2021_2022,FC Botoșani,18,18,7,8,3,29,18,17,1,1.6111,2,5,2,7,9,5,3,1,11,8,5,-3,6,7,0
2021_2022,Rapid Bucuresti,18,18,7,7,4,28,22,17,5,1.5556,3,3,3,7,6,4,4,1,15,11,6,-1,7,9,0
2021_2022,Arges Pitesti,18,18,8,3,7,27,18,14,4,1.5,3,1,5,7,9,5,2,2,11,5,6,-1,8,5,1
2021_2022,Uta Arad,18,18,6,7,5,25,16,13,3,1.3889,3,3,3,7,7,3,4,2,9,6,2,-4,9,8,0
2021_2022,Sepsi OSK Sfântu Gheorghe,18,18,4,9,5,21,19,17,2,1.1667,2,4,3,11,10,2,5,2,8,7,11,7,10,10,0
2021_2022,Chindia Târgoviște,18,18,4,7,7,19,12,13,-1,1.0556,2,3,4,8,9,2,4,3,4,4,5,0,11,11,0
2021_2022,Gaz Metan Mediaș,18,18,5,4,9,19,15,21,-6,1.0556,2,4,3,8,9,3,0,6,7,12,8,1,12,14,0
2021_2022,CS Mioveni,18,18,4,5,9,17,11,25,-14,0.9444,2,3,4,3,7,2,2,5,8,18,5,-4,13,13,0
2021_2022,FC U Craiova 1948,18,18,3,6,9,15,11,19,-8,0.8333,2,3,4,5,9,1,3,5,6,10,3,-4,14,12,0
2021_2022,Dinamo Bucuresti ,18,17,2,3,12,9,12,35,-23,0.5294,2,3,4,10,14,0,0,8,2,21,2,-5,15,15,0
2021_2022,Academica Clinceni,18,18,1,4,13,7,13,39,-26,0.3889,1,2,6,7,15,0,2,7,6,24,4,-4,16,16,0
2021_2022,Dinamo Bucuresti,18,1,0,0,1,0,1,4,-3,0.0,0,0,0,0,0,0,0,1,1,4,0,-3,17,17,0
2021_2022,CFR Cluj-Napoca,19,19,17,0,2,51,29,8,21,2.6842,10,0,0,18,4,7,0,2,11,4,15,9,1,1,1
2021_2022,Steaua Bucuresti,19,19,13,4,2,43,35,16,19,2.2632,8,1,0,26,8,5,3,2,9,8,13,5,2,2,1
2021_2022,FC Voluntari,19,19,10,3,6,33,23,19,4,1.7368,6,2,2,13,7,4,1,4,10,12,9,3,3,6,1
2021_2022,Rapid Bucuresti,19,19,8,7,4,31,24,17,7,1.6316,4,3,3,9,6,4,4,1,15,11,8,1,4,9,0
2021_2022,Universitatea Craiova,19,19,9,3,7,30,35,22,13,1.5789,6,1,2,24,8,3,2,5,11,14,2,-3,5,3,1
2021_2022,FC Botoșani,19,19,7,9,3,30,18,17,1,1.5789,2,5,2,7,9,5,4,1,11,8,6,-1,6,7,0
2021_2022,Farul Constanta,19,19,8,5,6,29,21,11,10,1.5263,7,1,1,16,2,1,4,5,5,9,8,2,7,4,1
2021_2022,Arges Pitesti,19,19,8,3,8,27,18,16,2,1.4211,3,1,5,7,9,5,2,3,11,7,6,-2,8,5,1
2021_2022,Uta Arad,19,19,6,8,5,26,16,13,3,1.3684,3,4,3,7,7,3,4,2,9,6,3,-2,9,8,0
2021_2022,Sepsi OSK Sfântu Gheorghe,19,19,5,9,5,24,20,17,3,1.2632,3,4,3,12,10,2,5,2,8,7,11,5,10,10,0
2021_2022,Chindia Târgoviște,19,19,4,7,8,19,12,14,-2,1.0,2,3,4,8,9,2,4,4,4,5,2,-3,11,11,0
2021_2022,Gaz Metan Mediaș,19,19,5,4,10,19,15,22,-7,1.0,2,4,4,8,10,3,0,6,7,12,7,0,12,14,0
2021_2022,CS Mioveni,19,19,4,5,10,17,11,26,-15,0.8947,2,3,4,3,7,2,2,6,8,19,5,-2,13,13,0
2021_2022,FC U Craiova 1948,19,19,3,6,10,15,12,21,-9,0.7895,2,3,5,6,11,1,3,5,6,10,2,-5,14,12,0
2021_2022,Dinamo Bucuresti ,19,18,3,3,12,12,13,35,-22,0.6667,3,3,4,11,14,0,0,8,2,21,4,-4,15,15,0
2021_2022,Academica Clinceni,19,19,2,4,13,10,15,40,-25,0.5263,1,2,6,7,15,1,2,7,8,25,6,-3,16,16,0
2021_2022,Dinamo Bucuresti,19,1,0,0,1,0,1,4,-3,0.0,0,0,0,0,0,0,0,1,1,4,0,-3,17,17,0
2021_2022,CFR Cluj-Napoca,20,20,18,0,2,54,31,8,23,2.7,10,0,0,18,4,8,0,2,13,4,15,8,1,1,1
2021_2022,Steaua Bucuresti,20,20,14,4,2,46,38,17,21,2.3,9,1,0,29,9,5,3,2,9,8,15,7,2,2,1
2021_2022,FC Voluntari,20,20,10,4,6,34,23,19,4,1.7,6,2,2,13,7,4,2,4,10,12,9,3,3,6,1
2021_2022,FC Botoșani,20,20,8,9,3,33,20,18,2,1.65,3,5,2,9,10,5,4,1,11,8,6,-1,4,7,0
2021_2022,Universitatea Craiova,20,20,9,4,7,31,35,22,13,1.55,6,2,2,24,8,3,2,5,11,14,3,-2,5,3,1
2021_2022,Rapid Bucuresti,20,20,8,7,5,31,25,20,5,1.55,4,3,3,9,6,4,4,2,16,14,5,-2,6,9,0
2021_2022,Farul Constanta,20,20,8,5,7,29,21,13,8,1.45,7,1,2,16,4,1,4,5,5,9,5,-1,7,4,1
2021_2022,Arges Pitesti,20,20,8,4,8,28,19,17,2,1.4,3,2,5,8,10,5,2,3,11,7,7,-1,8,5,1
2021_2022,Uta Arad,20,20,6,9,5,27,16,13,3,1.35,3,4,3,7,7,3,5,2,9,6,3,-2,9,8,0
2021_2022,Sepsi OSK Sfântu Gheorghe,20,20,5,10,5,25,21,18,3,1.25,3,4,3,12,10,2,6,2,9,8,11,5,10,10,0
2021_2022,CS Mioveni,20,20,5,5,10,20,13,27,-14,1.0,3,3,4,5,8,2,2,6,8,19,7,-1,11,13,0
2021_2022,Chindia Târgoviște,20,20,4,7,9,19,12,17,-5,0.95,2,3,5,8,12,2,4,4,4,5,2,-5,12,11,0
2021_2022,Gaz Metan Mediaș,20,20,5,4,11,19,16,24,-8,0.95,2,4,4,8,10,3,0,7,8,14,4,-2,13,14,0
2021_2022,FC U Craiova 1948,20,20,4,6,10,18,15,21,-6,0.9,2,3,5,6,11,2,3,5,9,10,4,-2,14,12,0
2021_2022,Dinamo Bucuresti ,20,19,3,3,13,12,14,37,-23,0.6316,3,3,4,11,14,0,0,9,3,23,4,-2,15,15,0
2021_2022,Academica Clinceni,20,20,2,5,13,11,15,40,-25,0.55,1,3,6,7,15,1,2,7,8,25,7,-2,16,16,0
2021_2022,Dinamo Bucuresti,20,1,0,0,1,0,1,4,-3,0.0,0,0,0,0,0,0,0,1,1,4,0,-3,17,17,0
2021_2022,CFR Cluj-Napoca,21,21,19,0,2,57,32,8,24,2.7143,11,0,0,19,4,8,0,2,13,4,15,7,1,1,1
2021_2022,Steaua Bucuresti,21,21,14,5,2,47,38,17,21,2.2381,9,1,0,29,9,5,4,2,9,8,13,5,2,2,1
2021_2022,FC Voluntari,21,21,11,4,6,37,25,20,5,1.7619,7,2,2,15,8,4,2,4,10,12,9,3,3,6,1
2021_2022,FC Botoșani,21,21,8,10,3,34,21,19,2,1.619,3,5,2,9,10,5,5,1,12,9,7,1,4,7,0
2021_2022,Universitatea Craiova,21,21,9,5,7,32,36,23,13,1.5238,6,2,2,24,8,3,3,5,12,15,4,-1,5,3,1
2021_2022,Farul Constanta,21,21,9,5,7,32,23,13,10,1.5238,7,1,2,16,4,2,4,5,7,9,7,1,6,4,1
2021_2022,Rapid Bucuresti,21,21,8,8,5,32,26,21,5,1.5238,4,4,3,10,7,4,4,2,16,14,5,-2,7,9,0
2021_2022,Arges Pitesti,21,21,8,4,9,28,19,18,1,1.3333,3,2,5,8,10,5,2,4,11,8,4,-3,8,5,1
2021_2022,Uta Arad,21,21,6,9,6,27,17,15,2,1.2857,3,4,3,7,7,3,5,3,10,8,2,-3,9,8,0
2021_2022,Sepsi OSK Sfântu Gheorghe,21,21,5,11,5,26,21,18,3,1.2381,3,5,3,12,10,2,6,2,9,8,9,3,10,10,0
2021_2022,Chindia Târgoviște,21,21,5,7,9,22,13,17,-4,1.0476,2,3,5,8,12,3,4,4,5,5,4,-4,11,11,0
2021_2022,CS Mioveni,21,21,5,6,10,21,13,27,-14,1.0,3,3,4,5,8,2,3,6,8,19,5,-2,12,13,0
2021_2022,Gaz Metan Mediaș,21,21,5,5,11,20,17,25,-8,0.9524,2,5,4,9,11,3,0,7,8,14,5,-1,13,14,0
2021_2022,FC U Craiova 1948,21,21,4,7,10,19,15,21,-6,0.9048,2,4,5,6,11,2,3,5,9,10,5,0,14,12,0
2021_2022,Dinamo Bucuresti ,21,20,3,3,14,12,14,39,-25,0.6,3,3,5,11,16,0,0,9,3,23,4,-3,15,15,0
2021_2022,Academica Clinceni,21,21,2,5,14,11,15,41,-26,0.5238,1,3,7,7,16,1,2,7,8,25,7,-1,16,16,0
2021_2022,Dinamo Bucuresti,21,1,0,0,1,0,1,4,-3,0.0,0,0,0,0,0,0,0,1,1,4,0,-3,17,17,0
2021_2022,CFR Cluj-Napoca,22,22,19,1,2,58,35,11,24,2.6364,11,0,0,19,4,8,1,2,16,7,13,5,1,1,1
2021_2022,Steaua Bucuresti,22,22,14,6,2,48,41,20,21,2.1818,9,2,0,32,12,5,4,2,9,8,11,4,2,2,1
2021_2022,FC Voluntari,22,22,11,5,6,38,25,20,5,1.7273,7,2,2,15,8,4,3,4,10,12,9,3,3,6,1
2021_2022,FC Botoșani,22,22,9,10,3,37,22,19,3,1.6818,4,5,2,10,10,5,5,1,12,9,9,2,4,7,0
2021_2022,Universitatea Craiova,22,22,10,5,7,35,37,23,14,1.5909,7,2,2,25,8,3,3,5,12,15,7,1,5,3,1
2021_2022,Farul Constanta,22,22,10,5,7,35,26,15,11,1.5909,8,1,2,19,6,2,4,5,7,9,9,2,6,4,1
2021_2022,Rapid Bucuresti,22,22,8,8,6,32,26,22,4,1.4545,4,4,3,10,7,4,4,3,16,15,4,-3,7,9,0
2021_2022,Arges Pitesti,22,22,9,4,9,31,21,19,2,1.4091,4,2,5,10,11,5,2,4,11,8,4,-3,8,5,1
2021_2022,Uta Arad,22,22,6,9,7,27,17,16,1,1.2273,3,4,4,7,8,3,5,3,10,8,2,-3,9,8,0
2021_2022,Sepsi OSK Sfântu Gheorghe,22,22,5,11,6,26,21,19,2,1.1818,3,5,3,12,10,2,6,3,9,9,8,2,10,10,0
2021_2022,CS Mioveni,22,22,6,6,10,24,16,28,-12,1.0909,4,3,4,8,9,2,3,6,8,19,7,0,11,13,0
2021_2022,Chindia Târgoviște,22,22,5,8,9,23,13,17,-4,1.0455,2,4,5,8,12,3,4,4,5,5,4,-4,12,11,0
2021_2022,Gaz Metan Mediaș,22,22,6,5,11,23,18,25,-7,1.0455,2,5,4,9,11,4,0,7,9,14,7,0,13,14,0
2021_2022,FC U Craiova 1948,22,22,4,7,11,19,17,24,-7,0.8636,2,4,5,6,11,2,3,6,11,13,4,-1,14,12,0
2021_2022,Dinamo Bucuresti ,22,21,3,3,15,12,15,41,-26,0.5714,3,3,5,11,16,0,0,10,4,25,3,-4,15,15,0
2021_2022,Academica Clinceni,22,22,2,5,15,11,16,44,-28,0.5,1,3,7,7,16,1,2,8,9,28,7,-1,16,16,0
2021_2022,Dinamo Bucuresti,22,1,0,0,1,0,1,4,-3,0.0,0,0,0,0,0,0,0,1,1,4,0,-3,17,17,0
2021_2022,CFR Cluj-Napoca,23,23,19,2,2,59,36,12,24,2.5652,11,1,0,20,5,8,1,2,16,7,11,4,1,1,1
2021_2022,Steaua Bucuresti,23,23,15,6,2,51,44,20,24,2.2174,9,2,0,32,12,6,4,2,12,8,11,6,2,2,1
2021_2022,FC Voluntari,23,23,12,5,6,41,28,21,7,1.7826,8,2,2,18,9,4,3,4,10,12,9,3,3,6,1
2021_2022,Farul Constanta,23,23,11,5,7,38,34,17,17,1.6522,8,1,2,19,6,3,4,5,15,11,9,6,4,4,1
2021_2022,FC Botoșani,23,23,9,11,3,38,23,20,3,1.6522,4,5,2,10,10,5,6,1,13,10,9,2,5,7,0
2021_2022,Universitatea Craiova,23,23,10,5,8,35,38,26,12,1.5217,7,2,2,25,8,3,3,6,13,18,6,-1,6,3,1
2021_2022,Rapid Bucuresti,23,23,8,9,6,33,27,23,4,1.4348,4,5,3,11,8,4,4,3,16,15,5,-1,7,9,0
2021_2022,Arges Pitesti,23,23,9,4,10,31,21,20,1,1.3478,4,2,5,10,11,5,2,5,11,9,4,-3,8,5,1
2021_2022,Sepsi OSK Sfântu Gheorghe,23,23,6,11,6,29,24,20,4,1.2609,4,5,3,15,11,2,6,3,9,9,8,2,9,10,0
2021_2022,Uta Arad,23,23,6,10,7,28,18,17,1,1.2174,3,4,4,7,8,3,6,3,11,9,3,-2,10,8,0
2021_2022,CS Mioveni,23,23,6,7,10,25,16,28,-12,1.087,4,3,4,8,9,2,4,6,8,19,8,2,11,13,0
2021_2022,Chindia Târgoviște,23,23,5,9,9,24,13,17,-4,1.0435,2,5,5,8,12,3,4,4,5,5,5,-3,12,11,0
2021_2022,Gaz Metan Mediaș,23,23,6,5,12,23,19,28,-9,1.0,2,5,4,9,11,4,0,8,10,17,4,-3,13,14,0
2021_2022,FC U Craiova 1948,23,23,5,7,11,22,18,24,-6,0.9565,3,4,5,7,11,2,3,6,11,13,7,2,14,12,0
2021_2022,Dinamo Bucuresti ,23,22,3,3,16,12,15,44,-29,0.5455,3,3,6,11,19,0,0,10,4,25,3,-6,15,15,0
2021_2022,Academica Clinceni,23,23,2,5,16,11,18,52,-34,0.4783,1,3,8,9,24,1,2,8,9,28,4,-8,16,16,0
2021_2022,Dinamo Bucuresti,23,1,0,0,1,0,1,4,-3,0.0,0,0,0,0,0,0,0,1,1,4,0,-3,17,17,0
2021_2022,CFR Cluj-Napoca,24,24,19,3,2,60,37,13,24,2.5,11,1,0,20,5,8,2,2,17,8,9,3,1,1,1
2021_2022,Steaua Bucuresti,24,24,15,7,2,52,46,22,24,2.1667,9,3,0,34,14,6,4,2,12,8,9,5,2,2,1
2021_2022,FC Voluntari,24,24,12,6,6,42,28,21,7,1.75,8,2,2,18,9,4,4,4,10,12,9,3,3,6,1
2021_2022,FC Botoșani,24,24,10,11,3,41,27,20,7,1.7083,5,5,2,14,10,5,6,1,13,10,11,6,4,7,0
2021_2022,Farul Constanta,24,24,11,5,8,38,34,18,16,1.5833,8,1,3,19,7,3,4,5,15,11,9,6,5,4,1
2021_2022,Universitatea Craiova,24,24,10,6,8,36,39,27,12,1.5,7,3,2,26,9,3,3,6,13,18,6,-1,6,3,1
2021_2022,Rapid Bucuresti,24,24,8,10,6,34,28,24,4,1.4167,4,5,3,11,8,4,5,3,17,16,3,-3,7,9,0
2021_2022,Arges Pitesti,24,24,10,4,10,34,22,20,2,1.4167,5,2,5,11,11,5,2,5,11,9,7,0,8,5,1
2021_2022,Uta Arad,24,24,7,10,7,31,19,17,2,1.2917,4,4,4,8,8,3,6,3,11,9,5,-1,9,8,0
2021_2022,Sepsi OSK Sfântu Gheorghe,24,24,6,11,7,29,24,21,3,1.2083,4,5,3,15,11,2,6,4,9,10,5,0,10,10,0
2021_2022,Chindia Târgoviște,24,24,6,9,9,27,14,17,-3,1.125,2,5,5,8,12,4,4,4,6,5,8,-1,11,11,0
2021_2022,CS Mioveni,24,24,6,8,10,26,16,28,-12,1.0833,4,4,4,8,9,2,4,6,8,19,9,3,12,13,0
2021_2022,Gaz Metan Mediaș,24,24,6,6,12,24,20,29,-9,1.0,2,6,4,10,12,4,0,8,10,17,5,-2,13,14,0
2021_2022,FC U Craiova 1948,24,24,5,8,11,23,20,26,-6,0.9583,3,4,5,7,11,2,4,6,13,15,8,3,14,12,0
2021_2022,Dinamo Bucuresti ,24,23,3,3,17,12,15,48,-33,0.5217,3,3,6,11,19,0,0,11,4,29,0,-11,15,15,0
2021_2022,Academica Clinceni,24,24,2,5,17,11,18,53,-35,0.4583,1,3,8,9,24,1,2,9,9,29,1,-10,16,16,0
2021_2022,Dinamo Bucuresti,24,1,0,0,1,0,1,4,-3,0.0,0,0,0,0,0,0,0,1,1,4,0,-3,17,17,0
2021_2022,CFR Cluj-Napoca,25,25,19,4,2,61,37,13,24,2.44,11,2,0,20,5,8,2,2,17,8,7,1,1,1,1
2021_2022,Steaua Bucuresti,25,25,16,7,2,55,49,22,27,2.2,9,3,0,34,14,7,4,2,15,8,9,6,2,2,1
2021_2022,FC Voluntari,25,25,12,7,6,43,28,21,7,1.72,8,3,2,18,9,4,4,4,10,12,9,3,3,6,1
2021_2022,FC Botoșani,25,25,10,11,4,41,29,23,6,1.64,5,5,2,14,10,5,6,2,15,13,8,4,4,7,0
2021_2022,Universitatea Craiova,25,25,11,6,8,39,45,28,17,1.56,7,3,2,26,9,4,3,6,19,19,8,4,5,3,1
2021_2022,Farul Constanta,25,25,11,6,8,39,35,19,16,1.56,8,1,3,19,7,3,5,5,16,12,10,8,6,4,1
2021_2022,Rapid Bucuresti,25,25,8,11,6,35,28,24,4,1.4,4,5,3,11,8,4,6,3,17,16,4,-1,7,9,0
2021_2022,Arges Pitesti,25,25,10,5,10,35,23,21,2,1.4,5,2,5,11,11,5,3,5,12,10,7,0,8,5,1
2021_2022,Sepsi OSK Sfântu Gheorghe,25,25,7,11,7,32,26,21,5,1.28,5,5,3,17,11,2,6,4,9,10,7,2,9,10,0
2021_2022,Uta Arad,25,25,7,11,7,32,19,17,2,1.28,4,4,4,8,8,3,7,3,11,9,5,-1,10,8,0
2021_2022,Chindia Târgoviște,25,25,6,10,9,28,15,18,-3,1.12,2,6,5,9,13,4,4,4,6,5,9,2,11,11,0
2021_2022,CS Mioveni,25,25,6,9,10,27,17,29,-12,1.08,4,5,4,9,10,2,4,6,8,19,7,2,12,13,0
2021_2022,FC U Craiova 1948,25,25,6,8,11,26,23,28,-5,1.04,4,4,5,10,13,2,4,6,13,15,8,1,13,12,0
2021_2022,Gaz Metan Mediaș,25,25,6,6,13,24,20,31,-11,0.96,2,6,4,10,12,4,0,9,10,19,5,-3,14,14,0
2021_2022,Dinamo Bucuresti ,25,24,3,3,18,12,16,54,-38,0.5,3,3,7,12,25,0,0,11,4,29,0,-15,15,15,0
2021_2022,Academica Clinceni,25,25,2,5,18,11,18,56,-38,0.44,1,3,9,9,27,1,2,9,9,29,0,-13,16,16,0
2021_2022,Dinamo Bucuresti,25,1,0,0,1,0,1,4,-3,0.0,0,0,0,0,0,0,0,1,1,4,0,-3,17,17,0
2021_2022,CFR Cluj-Napoca,26,26,20,4,2,64,39,14,25,2.4615,11,2,0,20,5,9,2,2,19,9,7,1,1,1,1
2021_2022,Steaua Bucuresti,26,26,17,7,2,58,52,24,28,2.2308,10,3,0,37,16,7,4,2,15,8,11,7,2,2,1
2021_2022,FC Botoșani,26,26,11,11,4,44,31,23,8,1.6923,6,5,2,16,10,5,6,2,15,13,10,6,3,7,0
2021_2022,FC Voluntari,26,26,12,7,7,43,28,24,4,1.6538,8,3,2,18,9,4,4,5,10,15,6,-1,4,6,1
2021_2022,Universitatea Craiova,26,26,12,6,8,42,47,28,19,1.6154,8,3,2,28,9,4,3,6,19,19,10,6,5,3,1
2021_2022,Farul Constanta,26,26,12,6,8,42,38,19,19,1.6154,9,1,3,22,7,3,5,5,16,12,10,9,6,4,1
2021_2022,Arges Pitesti,26,26,11,5,10,38,24,21,3,1.4615,6,2,5,12,11,5,3,5,12,10,10,2,7,5,1
2021_2022,Rapid Bucuresti,26,26,8,12,6,36,29,25,4,1.3846,4,6,3,12,9,4,6,3,17,16,4,-1,8,9,0
2021_2022,Sepsi OSK Sfântu Gheorghe,26,26,7,12,7,33,27,22,5,1.2692,5,5,3,17,11,2,7,4,10,11,7,2,9,10,0
2021_2022,Uta Arad,26,26,7,12,7,33,19,17,2,1.2692,4,5,4,8,8,3,7,3,11,9,6,0,10,8,0
2021_2022,Chindia Târgoviște,26,26,6,10,10,28,17,21,-4,1.0769,2,6,5,9,13,4,4,5,8,8,6,0,11,11,0
2021_2022,CS Mioveni,26,26,6,9,11,27,17,30,-13,1.0385,4,5,4,9,10,2,4,7,8,20,6,1,12,13,0
2021_2022,FC U Craiova 1948,26,26,6,8,12,26,23,30,-7,1.0,4,4,5,10,13,2,4,7,13,17,7,-1,13,12,0
2021_2022,Gaz Metan Mediaș,26,26,6,6,14,24,21,33,-12,0.9231,2,6,5,11,14,4,0,9,10,19,4,-4,14,14,0
2021_2022,Dinamo Bucuresti ,26,25,3,4,18,13,16,54,-38,0.52,3,3,7,12,25,0,1,11,4,29,1,-13,15,15,0
2021_2022,Academica Clinceni,26,26,2,5,19,11,18,58,-40,0.4231,1,3,9,9,27,1,2,10,9,31,0,-14,16,16,0
2021_2022,Dinamo Bucuresti,26,1,0,0,1,0,1,4,-3,0.0,0,0,0,0,0,0,0,1,1,4,0,-3,17,17,0
2021_2022,CFR Cluj-Napoca,27,27,21,4,2,67,41,15,26,2.4815,12,2,0,22,6,9,2,2,19,9,9,2,1,1,1
2021_2022,Steaua Bucuresti,27,27,17,8,2,59,53,25,28,2.1852,10,3,0,37,16,7,5,2,16,9,11,7,2,2,1
2021_2022,FC Voluntari,27,27,13,7,7,46,31,25,6,1.7037,9,3,2,21,10,4,4,5,10,15,8,1,3,6,1
2021_2022,Universitatea Craiova,27,27,13,6,8,45,50,29,21,1.6667,8,3,2,28,9,5,3,6,22,20,10,7,4,3,1
2021_2022,FC Botoșani,27,27,11,12,4,45,32,24,8,1.6667,6,5,2,16,10,5,7,2,16,14,8,5,5,7,0
2021_2022,Farul Constanta,27,27,12,6,9,42,38,20,18,1.5556,9,1,4,22,8,3,5,5,16,12,7,7,6,4,1
2021_2022,Arges Pitesti,27,27,12,5,10,41,25,21,4,1.5185,6,2,5,12,11,6,3,5,13,10,10,2,7,5,1
2021_2022,Rapid Bucuresti,27,27,8,12,7,36,30,27,3,1.3333,4,6,3,12,9,4,6,4,18,18,4,-1,8,9,0
2021_2022,Uta Arad,27,27,7,13,7,34,20,18,2,1.2593,4,5,4,8,8,3,8,3,12,10,7,1,9,8,0
2021_2022,Sepsi OSK Sfântu Gheorghe,27,27,7,12,8,33,28,25,3,1.2222,5,5,3,17,11,2,7,5,11,14,7,1,10,10,0
2021_2022,Chindia Târgoviște,27,27,6,11,10,29,18,22,-4,1.0741,2,7,5,10,14,4,4,5,8,8,6,0,11,11,0
2021_2022,CS Mioveni,27,27,6,10,11,28,18,31,-13,1.037,4,6,4,10,11,2,4,7,8,20,4,-1,12,13,0
2021_2022,FC U Craiova 1948,27,27,6,9,12,27,24,31,-7,1.0,4,5,5,11,14,2,4,7,13,17,8,0,13,12,0
2021_2022,Gaz Metan Mediaș,27,27,6,6,15,24,21,37,-16,0.8889,2,6,5,11,14,4,0,10,10,23,1,-9,14,14,0
2021_2022,Dinamo Bucuresti ,27,26,4,4,18,16,20,54,-34,0.6154,4,3,7,16,25,0,1,11,4,29,4,-8,15,15,0
2021_2022,Academica Clinceni,27,27,2,5,20,11,19,61,-42,0.4074,1,3,10,10,30,1,2,10,9,31,0,-14,16,16,0
2021_2022,Dinamo Bucuresti,27,1,0,0,1,0,1,4,-3,0.0,0,0,0,0,0,0,0,1,1,4,0,-3,17,17,0
2021_2022,CFR Cluj-Napoca,28,28,22,4,2,70,43,15,28,2.5,12,2,0,22,6,10,2,2,21,9,11,4,1,1,1
2021_2022,Steaua Bucuresti,28,28,17,8,3,59,53,27,26,2.1071,10,3,1,37,18,7,5,2,16,9,8,2,2,2,1
2021_2022,Universitatea Craiova,28,28,14,6,8,48,51,29,22,1.7143,9,3,2,29,9,5,3,6,22,20,13,10,3,3,1
2021_2022,FC Voluntari,28,28,13,8,7,47,31,25,6,1.6786,9,3,2,21,10,4,5,5,10,15,6,-1,4,6,1
2021_2022,FC Botoșani,28,28,11,13,4,46,32,24,8,1.6429,6,6,2,16,10,5,7,2,16,14,8,5,5,7,0
2021_2022,Farul Constanta,28,28,13,6,9,45,40,20,20,1.6071,9,1,4,22,8,4,5,5,18,12,7,3,6,4,1
2021_2022,Arges Pitesti,28,28,12,6,10,42,25,21,4,1.5,6,3,5,12,11,6,3,5,13,10,11,3,7,5,1
2021_2022,Uta Arad,28,28,8,13,7,37,22,18,4,1.3214,5,5,4,10,8,3,8,3,12,10,9,3,8,8,0
2021_2022,Rapid Bucuresti,28,28,8,13,7,37,31,28,3,1.3214,4,7,3,13,10,4,6,4,18,18,4,-1,9,9,0
2021_2022,Sepsi OSK Sfântu Gheorghe,28,28,7,12,9,33,28,27,1,1.1786,5,5,4,17,13,2,7,5,11,14,4,-3,10,10,0
2021_2022,FC U Craiova 1948,28,28,7,9,12,30,27,31,-4,1.0714,4,5,5,11,14,3,4,7,16,17,8,2,11,12,0
2021_2022,Chindia Târgoviște,28,28,6,11,11,29,18,23,-5,1.0357,2,7,5,10,14,4,4,6,8,9,5,-1,12,11,0
2021_2022,CS Mioveni,28,28,6,11,11,29,18,31,-13,1.0357,4,6,4,10,11,2,5,7,8,20,4,-1,13,13,0
2021_2022,Gaz Metan Mediaș,28,28,6,6,16,24,21,40,-19,0.8571,2,6,6,11,17,4,0,10,10,23,1,-10,14,14,0
2021_2022,Dinamo Bucuresti ,28,27,4,5,18,17,21,55,-34,0.6296,4,3,7,16,25,0,2,11,5,30,5,-5,15,15,0
2021_2022,Academica Clinceni,28,28,2,5,21,11,19,63,-44,0.3929,1,3,10,10,30,1,2,11,9,33,0,-10,16,16,0
2021_2022,Dinamo Bucuresti,28,1,0,0,1,0,1,4,-3,0.0,0,0,0,0,0,0,0,1,1,4,0,-3,17,17,0
2021_2022,CFR Cluj-Napoca,29,29,23,4,2,73,44,15,29,2.5172,12,2,0,22,6,11,2,2,22,9,13,5,1,1,1
2021_2022,Steaua Bucuresti,29,29,17,8,4,59,53,28,25,2.0345,10,3,1,37,18,7,5,3,16,10,7,1,2,2,1
2021_2022,Universitatea Craiova,29,29,15,6,8,51,54,29,25,1.7586,9,3,2,29,9,6,3,6,25,20,15,13,3,3,1
2021_2022,Farul Constanta,29,29,14,6,9,48,42,20,22,1.6552,10,1,4,24,8,4,5,5,18,12,10,6,4,4,1
2021_2022,FC Voluntari,29,29,13,8,8,47,31,26,5,1.6207,9,3,3,21,11,4,5,5,10,15,5,-2,5,6,1
2021_2022,FC Botoșani,29,29,11,13,5,46,32,26,6,1.5862,6,6,2,16,10,5,7,3,16,16,5,-1,6,7,0
2021_2022,Arges Pitesti,29,29,13,6,10,45,26,21,5,1.5517,7,3,5,13,11,6,3,5,13,10,11,3,7,5,1
2021_2022,Uta Arad,29,29,8,13,8,37,22,19,3,1.2759,5,5,4,10,8,3,8,4,12,11,6,1,8,8,0
2021_2022,Rapid Bucuresti,29,29,8,13,8,37,33,31,2,1.2759,4,7,3,13,10,4,6,5,20,21,3,-2,9,9,0
2021_2022,Sepsi OSK Sfântu Gheorghe,29,29,8,12,9,36,31,28,3,1.2414,5,5,4,17,13,3,7,5,14,15,7,0,10,10,0
2021_2022,FC U Craiova 1948,29,29,8,9,12,33,30,33,-3,1.1379,5,5,5,14,16,3,4,7,16,17,10,3,11,12,0
2021_2022,Chindia Târgoviște,29,29,7,11,11,32,19,23,-4,1.1034,3,7,5,11,14,4,4,6,8,9,5,-1,12,11,0
2021_2022,CS Mioveni,29,29,6,11,12,29,18,34,-16,1.0,4,6,5,10,14,2,5,7,8,20,3,-4,13,13,0
2021_2022,Gaz Metan Mediaș,29,29,6,6,17,24,21,42,-21,0.8276,2,6,6,11,17,4,0,11,10,25,0,-12,14,14,0
2021_2022,Dinamo Bucuresti ,29,28,4,5,19,17,22,58,-36,0.6071,4,3,8,17,28,0,2,11,5,30,5,-3,15,15,0
2021_2022,Academica Clinceni,29,29,3,5,21,14,21,63,-42,0.4828,2,3,10,12,30,1,2,11,9,33,3,-7,16,16,0
2021_2022,Dinamo Bucuresti,29,1,0,0,1,0,1,4,-3,0.0,0,0,0,0,0,0,0,1,1,4,0,-3,17,17,0
2021_2022,CFR Cluj-Napoca,30,30,24,4,2,76,48,16,32,2.5333,13,2,0,26,7,11,2,2,22,9,15,8,1,1,1
2021_2022,Steaua Bucuresti,30,30,18,8,4,62,54,28,26,2.0667,11,3,1,38,18,7,5,3,16,10,7,-1,2,2,1
2021_2022,Universitatea Craiova,30,30,16,6,8,54,55,29,26,1.8,10,3,2,30,9,6,3,6,25,20,15,9,3,3,1
2021_2022,Farul Constanta,30,30,14,6,10,48,42,21,21,1.6,10,1,4,24,8,4,5,6,18,13,9,5,4,4,1
2021_2022,Arges Pitesti,30,30,14,6,10,48,28,22,6,1.6,7,3,5,13,11,7,3,5,15,11,13,4,5,5,1
2021_2022,FC Voluntari,30,30,13,8,9,47,31,27,4,1.5667,9,3,3,21,11,4,5,6,10,16,4,-3,6,6,1
2021_2022,FC Botoșani,30,30,11,13,6,46,33,28,5,1.5333,6,6,3,17,12,5,7,3,16,16,5,-1,7,7,0
2021_2022,Uta Arad,30,30,9,13,8,40,24,20,4,1.3333,6,5,4,12,9,3,8,4,12,11,8,2,8,8,0
2021_2022,Rapid Bucuresti,30,30,9,13,8,40,34,31,3,1.3333,5,7,3,14,10,4,6,5,20,21,5,-1,9,9,0
2021_2022,Sepsi OSK Sfântu Gheorghe,30,30,9,12,9,39,33,29,4,1.3,6,5,4,19,14,3,7,5,14,15,7,-1,10,10,0
2021_2022,Chindia Târgoviște,30,30,8,11,11,35,23,23,0,1.1667,3,7,5,11,14,5,4,6,12,9,7,3,11,11,0
2021_2022,FC U Craiova 1948,30,30,8,9,13,33,31,35,-4,1.1,5,5,5,14,16,3,4,8,17,19,7,1,12,12,0
2021_2022,CS Mioveni,30,30,6,11,13,29,19,36,-17,0.9667,4,6,5,10,14,2,5,8,9,22,2,-5,13,13,0
2021_2022,Gaz Metan Mediaș,30,30,6,6,18,24,21,46,-25,0.8,2,6,7,11,21,4,0,11,10,25,0,-14,14,14,0
2021_2022,Dinamo Bucuresti ,30,29,4,5,20,17,23,62,-39,0.5862,4,3,8,17,28,0,2,12,6,34,5,-1,15,15,0
2021_2022,Academica Clinceni,30,30,3,5,22,14,21,64,-43,0.4667,2,3,10,12,30,1,2,12,9,34,3,-5,16,16,0
2021_2022,Dinamo Bucuresti,30,1,0,0,1,0,1,4,-3,0.0,0,0,0,0,0,0,0,1,1,4,0,-3,17,17,0
